{"cameraMode":{"drawMode":0,"name":"Shaded","section":"Shading Mode"},"sceneLighting":false,"audioPlay":false,"sceneViewState":{"showFog":true,"showMaterialUpdate":false,"showSkybox":false,"showFlares":true,"showImageEffects":true,"showParticleSystems":true,"showVisualEffectGraphs":true,"m_FxEnabled":true},"in2DMode":false,"pivot":{"x":0.00001593679189682007,"y":0.1207529604434967,"z":3.241002559661865e-7},"rotation":{"x":0.016495758667588235,"y":0.020692387595772744,"z":0.00034009822411462665,"w":-0.999664306640625},"size":0.1236773282289505,"orthographic":false}