{"cameraMode":{"drawMode":0,"name":"Shaded","section":"Shading Mode"},"sceneLighting":false,"audioPlay":false,"sceneViewState":{"showFog":true,"showMaterialUpdate":false,"showSkybox":false,"showFlares":true,"showImageEffects":true,"showParticleSystems":true,"showVisualEffectGraphs":true,"m_FxEnabled":true},"in2DMode":false,"pivot":{"x":0.08380834758281708,"y":-1.0490148067474366,"z":-2.173198699951172},"rotation":{"x":-0.00044430981506593525,"y":-0.9773997068405151,"z":0.21139293909072877,"w":-0.0020542496349662544},"size":1.4773662090301514,"orthographic":false}