{"cameraMode":{"drawMode":0,"name":"Shaded","section":"Shading Mode"},"sceneLighting":true,"audioPlay":false,"sceneViewState":{"showFog":true,"showMaterialUpdate":false,"showSkybox":true,"showFlares":true,"showImageEffects":true,"showParticleSystems":true,"showVisualEffectGraphs":true,"m_FxEnabled":true},"in2DMode":false,"pivot":{"x":0.3105529844760895,"y":-0.13730788230895997,"z":-2.335012435913086},"rotation":{"x":0.0012344756396487356,"y":0.9804855585098267,"z":-0.1967131346464157,"w":0.006195311900228262},"size":1.6199440956115723,"orthographic":false}