{"cameraMode":{"drawMode":0,"name":"Shaded","section":"Shading Mode"},"sceneLighting":true,"audioPlay":false,"sceneViewState":{"showFog":true,"showMaterialUpdate":false,"showSkybox":true,"showFlares":true,"showImageEffects":true,"showParticleSystems":true,"showVisualEffectGraphs":true,"m_FxEnabled":true},"in2DMode":false,"pivot":{"x":-12.34416675567627,"y":2.1861684322357179,"z":3.4059877395629885},"rotation":{"x":0.10130368173122406,"y":-0.46535879373550417,"z":0.05368426814675331,"w":0.8777076005935669},"size":8.224780082702637,"orthographic":true}