{"cameraMode":{"drawMode":0,"name":"Shaded","section":"Shading Mode"},"sceneLighting":true,"audioPlay":false,"sceneViewState":{"showFog":true,"showMaterialUpdate":false,"showSkybox":true,"showFlares":true,"showImageEffects":true,"showParticleSystems":true,"showVisualEffectGraphs":true,"m_FxEnabled":true},"in2DMode":false,"pivot":{"x":14.045445442199707,"y":0.3069077730178833,"z":3.9512736797332765},"rotation":{"x":-0.01059584692120552,"y":-0.6765068769454956,"z":0.009747621603310109,"w":-0.7363150119781494},"size":10.358186721801758,"orthographic":false}