{"cameraMode":{"drawMode":0,"name":"Shaded","section":"Shading Mode"},"sceneLighting":true,"audioPlay":false,"sceneViewState":{"showFog":true,"showMaterialUpdate":false,"showSkybox":true,"showFlares":true,"showImageEffects":true,"showParticleSystems":true,"showVisualEffectGraphs":true,"m_FxEnabled":true},"in2DMode":false,"pivot":{"x":15.67366886138916,"y":-2.3769876956939699,"z":22.15154266357422},"rotation":{"x":0.07637489587068558,"y":0.35668444633483889,"z":-0.029303448274731637,"w":0.9306550621986389},"size":13.392881393432618,"orthographic":false}