{"cameraMode":{"drawMode":0,"name":"Shaded","section":"Shading Mode"},"sceneLighting":true,"audioPlay":false,"sceneViewState":{"showFog":true,"showMaterialUpdate":false,"showSkybox":true,"showFlares":true,"showImageEffects":true,"showParticleSystems":true,"showVisualEffectGraphs":true,"m_FxEnabled":true},"in2DMode":false,"pivot":{"x":0.021197378635406495,"y":-2.9570984840393068,"z":4.752196311950684},"rotation":{"x":0.4443417191505432,"y":-0.09083408117294312,"z":0.044819287955760959,"w":0.8902459740638733},"size":2.70739483833313,"orthographic":false}