{"cameraMode":{"drawMode":0,"name":"Shaded","section":"Shading Mode"},"sceneLighting":true,"audioPlay":false,"sceneViewState":{"showFog":true,"showMaterialUpdate":false,"showSkybox":true,"showFlares":true,"showImageEffects":true,"showParticleSystems":true,"showVisualEffectGraphs":true,"m_FxEnabled":true},"in2DMode":false,"pivot":{"x":3.5117790699005129,"y":-3.3290913105010988,"z":12.546834945678711},"rotation":{"x":-0.12114155292510987,"y":-0.12382780760526657,"z":0.015220237895846367,"w":-0.9847667217254639},"size":7.9435906410217289,"orthographic":false}