{"cameraMode":{"drawMode":0,"name":"Shaded","section":"Shading Mode"},"sceneLighting":false,"audioPlay":false,"sceneViewState":{"showFog":true,"showMaterialUpdate":false,"showSkybox":true,"showFlares":true,"showImageEffects":true,"showParticleSystems":true,"showVisualEffectGraphs":true,"m_FxEnabled":true},"in2DMode":false,"pivot":{"x":0.08289134502410889,"y":-0.1423615664243698,"z":-0.9658185243606567},"rotation":{"x":0.001321581075899303,"y":-0.9990505576133728,"z":0.03597339615225792,"w":0.02672102302312851},"size":3.78385591506958,"orthographic":false}