{"cameraMode":{"drawMode":0,"name":"Shaded","section":"Shading Mode"},"sceneLighting":true,"audioPlay":false,"sceneViewState":{"showFog":true,"showMaterialUpdate":false,"showSkybox":true,"showFlares":true,"showImageEffects":true,"showParticleSystems":true,"showVisualEffectGraphs":true,"m_FxEnabled":true},"in2DMode":false,"pivot":{"x":-0.33790016174316409,"y":1.5776652097702027,"z":5.289083480834961},"rotation":{"x":-0.043133947998285297,"y":0.7882329821586609,"z":-0.05569246783852577,"w":-0.6113554239273071},"size":2.096562147140503,"orthographic":false}