{"cameraMode":{"drawMode":0,"name":"Shaded","section":"Shading Mode"},"sceneLighting":true,"audioPlay":false,"sceneViewState":{"showFog":true,"showMaterialUpdate":false,"showSkybox":true,"showFlares":true,"showImageEffects":true,"showParticleSystems":true,"showVisualEffectGraphs":true,"m_FxEnabled":true},"in2DMode":false,"pivot":{"x":0.050524353981018069,"y":0.3062186539173126,"z":10.367704391479493},"rotation":{"x":0.04373152554035187,"y":-0.05392590910196304,"z":0.002362357685342431,"w":0.997585654258728},"size":1.0061278343200684,"orthographic":false}