{"cameraMode":{"drawMode":0,"name":"Shaded","section":"Shading Mode"},"sceneLighting":true,"audioPlay":false,"sceneViewState":{"showFog":true,"showMaterialUpdate":false,"showSkybox":true,"showFlares":true,"showImageEffects":true,"showParticleSystems":true,"showVisualEffectGraphs":true,"m_FxEnabled":true},"in2DMode":false,"pivot":{"x":0.10199999809265137,"y":-0.9205572605133057,"z":-1.054173469543457},"rotation":{"x":-0.049947258085012439,"y":0.9028135538101196,"z":-0.11099765449762345,"w":-0.4128777086734772},"size":1.7660253047943116,"orthographic":false}