{"cameraMode":{"drawMode":0,"name":"Shaded","section":"Shading Mode"},"sceneLighting":true,"audioPlay":false,"sceneViewState":{"showFog":true,"showMaterialUpdate":false,"showSkybox":true,"showFlares":true,"showImageEffects":true,"showParticleSystems":true,"showVisualEffectGraphs":true,"m_FxEnabled":true},"in2DMode":false,"pivot":{"x":-0.4012249708175659,"y":-0.47538262605667117,"z":-1.3139276504516602},"rotation":{"x":0.056426893919706348,"y":-0.9428250193595886,"z":0.25121909379959109,"w":0.21186460554599763},"size":0.9521037936210632,"orthographic":false}