{"cameraMode":{"drawMode":0,"name":"Shaded","section":"Shading Mode"},"sceneLighting":false,"audioPlay":false,"sceneViewState":{"showFog":true,"showMaterialUpdate":false,"showSkybox":true,"showFlares":true,"showImageEffects":true,"showParticleSystems":true,"showVisualEffectGraphs":true,"m_FxEnabled":true},"in2DMode":false,"pivot":{"x":-12.73646068572998,"y":-0.7841979265213013,"z":20.965118408203126},"rotation":{"x":0.02933305874466896,"y":-0.24947009980678559,"z":0.0076040104031562809,"w":0.9679449200630188},"size":12.085382461547852,"orthographic":false}