{"cameraMode":{"drawMode":0,"name":"Shaded","section":"Shading Mode"},"sceneLighting":false,"audioPlay":false,"sceneViewState":{"showFog":true,"showMaterialUpdate":false,"showSkybox":true,"showFlares":true,"showImageEffects":true,"showParticleSystems":true,"showVisualEffectGraphs":true,"m_FxEnabled":true},"in2DMode":false,"pivot":{"x":-0.4923057556152344,"y":0.2735532224178314,"z":13.929473876953125},"rotation":{"x":-0.04342905431985855,"y":0.051224831491708758,"z":-0.0022285867016762497,"w":-0.9977420568466187},"size":1.8827252388000489,"orthographic":false}