{"cameraMode":{"drawMode":0,"name":"Shaded","section":"Shading Mode"},"sceneLighting":true,"audioPlay":false,"sceneViewState":{"showFog":true,"showMaterialUpdate":false,"showSkybox":true,"showFlares":true,"showImageEffects":true,"showParticleSystems":true,"showVisualEffectGraphs":true,"m_FxEnabled":true},"in2DMode":false,"pivot":{"x":2.8092880249023439,"y":-0.22219312191009522,"z":6.693081378936768},"rotation":{"x":-0.15062834322452546,"y":-0.5768582820892334,"z":0.10881935060024262,"w":-0.7954971790313721},"size":1.1344389915466309,"orthographic":false}