{"cameraMode":{"drawMode":0,"name":"Shaded","section":"Shading Mode"},"sceneLighting":true,"audioPlay":false,"sceneViewState":{"showFog":true,"showMaterialUpdate":false,"showSkybox":true,"showFlares":true,"showImageEffects":true,"showParticleSystems":true,"showVisualEffectGraphs":true,"m_FxEnabled":true},"in2DMode":false,"pivot":{"x":-2.6624906063079836,"y":-9.624669075012207,"z":23.488821029663087},"rotation":{"x":0.23238641023635865,"y":-0.053957756608724597,"z":0.01289094053208828,"w":0.9710598587989807},"size":13.392881393432618,"orthographic":false}