{"cameraMode":{"drawMode":0,"name":"Shaded","section":"Shading Mode"},"sceneLighting":true,"audioPlay":false,"sceneViewState":{"showFog":true,"showMaterialUpdate":false,"showSkybox":true,"showFlares":true,"showImageEffects":true,"showParticleSystems":true,"showVisualEffectGraphs":true,"m_FxEnabled":true},"in2DMode":false,"pivot":{"x":-2.3355355262756349,"y":1.0509780645370484,"z":1.474435806274414},"rotation":{"x":-0.0006488490616902709,"y":0.9832280874252319,"z":-0.18247415125370027,"w":-0.003325396915897727},"size":0.21508508920669557,"orthographic":false}