{"cameraMode":{"drawMode":0,"name":"Shaded","section":"Shading Mode"},"sceneLighting":true,"audioPlay":false,"sceneViewState":{"showFog":true,"showMaterialUpdate":false,"showSkybox":true,"showFlares":true,"showImageEffects":true,"showParticleSystems":true,"showVisualEffectGraphs":true,"m_FxEnabled":true},"in2DMode":false,"pivot":{"x":-0.10940491408109665,"y":0.1479567140340805,"z":1.9487824440002442},"rotation":{"x":-0.024727823212742807,"y":-0.24374768137931825,"z":0.006217288319021463,"w":-0.969511091709137},"size":2.0647658516281809e-7,"orthographic":false}