{"cameraMode":{"drawMode":0,"name":"Shaded","section":"Shading Mode"},"sceneLighting":true,"audioPlay":false,"sceneViewState":{"showFog":true,"showMaterialUpdate":false,"showSkybox":true,"showFlares":true,"showImageEffects":true,"showParticleSystems":true,"showVisualEffectGraphs":true,"m_FxEnabled":true},"in2DMode":false,"pivot":{"x":-0.16761203110218049,"y":0.4018557071685791,"z":11.003273010253907},"rotation":{"x":-0.1940700262784958,"y":-0.0008855566848069429,"z":0.00017516405205242336,"w":-0.9809867143630981},"size":0.907275378704071,"orthographic":false}