{"cameraMode":{"drawMode":0,"name":"Shaded","section":"Shading Mode"},"sceneLighting":true,"audioPlay":false,"sceneViewState":{"showFog":true,"showMaterialUpdate":false,"showSkybox":true,"showFlares":true,"showImageEffects":true,"showParticleSystems":true,"showVisualEffectGraphs":true,"m_FxEnabled":true},"in2DMode":false,"pivot":{"x":-0.39472126960754397,"y":-0.16585540771484376,"z":-0.1767640858888626},"rotation":{"x":0.4244702458381653,"y":-0.2445572167634964,"z":0.1202220767736435,"w":0.8634620308876038},"size":0.38267189264297488,"orthographic":false}