{"cameraMode":{"drawMode":0,"name":"Shaded","section":"Shading Mode"},"sceneLighting":true,"audioPlay":false,"sceneViewState":{"showFog":true,"showMaterialUpdate":false,"showSkybox":true,"showFlares":true,"showImageEffects":true,"showParticleSystems":true,"showVisualEffectGraphs":true,"m_FxEnabled":true},"in2DMode":false,"pivot":{"x":-6.651919364929199,"y":1.380409598350525,"z":-3.7660648822784426},"rotation":{"x":0.0039027738384902479,"y":0.7983880639076233,"z":0.005325681995600462,"w":-0.6021721959114075},"size":1.3930819034576417,"orthographic":false}