{"cameraMode":{"drawMode":0,"name":"Shaded","section":"Shading Mode"},"sceneLighting":true,"audioPlay":false,"sceneViewState":{"showFog":true,"showMaterialUpdate":false,"showSkybox":true,"showFlares":true,"showImageEffects":true,"showParticleSystems":true,"showVisualEffectGraphs":true,"m_FxEnabled":true},"in2DMode":false,"pivot":{"x":0.004651315044611692,"y":0.12858113646507264,"z":0.028826579451560975},"rotation":{"x":0.016495758667588235,"y":0.020692387595772744,"z":0.00034009822411462665,"w":-0.999664306640625},"size":0.13004356622695924,"orthographic":false}