{"cameraMode":{"drawMode":0,"name":"Shaded","section":"Shading Mode"},"sceneLighting":true,"audioPlay":false,"sceneViewState":{"showFog":true,"showMaterialUpdate":false,"showSkybox":true,"showFlares":true,"showImageEffects":true,"showParticleSystems":true,"showVisualEffectGraphs":true,"m_FxEnabled":true},"in2DMode":false,"pivot":{"x":-0.0009680980583652854,"y":1.7216227054595948,"z":9.695136070251465},"rotation":{"x":-0.06355298310518265,"y":0.014968502335250378,"z":0.0009531353134661913,"w":0.9978603720664978},"size":1.9928932189941407,"orthographic":false}