{"cameraMode":{"drawMode":0,"name":"Shaded","section":"Shading Mode"},"sceneLighting":true,"audioPlay":false,"sceneViewState":{"showFog":true,"showMaterialUpdate":false,"showSkybox":true,"showFlares":true,"showImageEffects":true,"showParticleSystems":true,"showVisualEffectGraphs":true,"m_FxEnabled":true},"in2DMode":false,"pivot":{"x":24.141613006591798,"y":-3.5502471923828127,"z":29.90871810913086},"rotation":{"x":0.056220293045043948,"y":0.3822520673274994,"z":-0.02330724149942398,"w":0.9220544695854187},"size":17.143218994140626,"orthographic":false}