{"cameraMode":{"drawMode":0,"name":"Shaded","section":"Shading Mode"},"sceneLighting":false,"audioPlay":false,"sceneViewState":{"showFog":true,"showMaterialUpdate":false,"showSkybox":true,"showFlares":true,"showImageEffects":true,"showParticleSystems":true,"showVisualEffectGraphs":true,"m_FxEnabled":true},"in2DMode":false,"pivot":{"x":-0.23259738087654115,"y":-2.8767378330230715,"z":25.24495506286621},"rotation":{"x":0.08121885359287262,"y":-0.0032294816337525846,"z":0.00031801682780496776,"w":0.9967231154441834},"size":12.012112617492676,"orthographic":false}