{"cameraMode":{"drawMode":0,"name":"Shaded","section":"Shading Mode"},"sceneLighting":true,"audioPlay":false,"sceneViewState":{"showFog":true,"showMaterialUpdate":false,"showSkybox":true,"showFlares":true,"showImageEffects":true,"showParticleSystems":true,"showVisualEffectGraphs":true,"m_FxEnabled":true},"in2DMode":false,"pivot":{"x":-0.048409294337034228,"y":2.6673755645751955,"z":-3.618243932723999},"rotation":{"x":-0.00030779922963120043,"y":0.014963912777602673,"z":-0.0000019840902041323717,"w":-0.9999147653579712},"size":0.5922693014144898,"orthographic":false}