{"cameraMode":{"drawMode":0,"name":"Shaded","section":"Shading Mode"},"sceneLighting":true,"audioPlay":false,"sceneViewState":{"showFog":true,"showMaterialUpdate":false,"showSkybox":true,"showFlares":true,"showImageEffects":true,"showParticleSystems":true,"showVisualEffectGraphs":true,"m_FxEnabled":true},"in2DMode":false,"pivot":{"x":-1.0042402744293213,"y":-0.1298367977142334,"z":3.553931951522827},"rotation":{"x":-0.09457383304834366,"y":0.11889097839593888,"z":-0.011388280428946019,"w":-0.9883512258529663},"size":1.9387848377227784,"orthographic":false}