{"cameraMode":{"drawMode":0,"name":"Shaded","section":"Shading Mode"},"sceneLighting":false,"audioPlay":false,"sceneViewState":{"showFog":true,"showMaterialUpdate":false,"showSkybox":true,"showFlares":true,"showImageEffects":true,"showParticleSystems":true,"showVisualEffectGraphs":true,"m_FxEnabled":true},"in2DMode":false,"pivot":{"x":-0.3194953203201294,"y":0.5219793915748596,"z":10.212095260620118},"rotation":{"x":-0.08049237728118897,"y":-0.10119631141424179,"z":0.008225919678807259,"w":-0.9915779829025269},"size":0.24540740251541139,"orthographic":false}