{"cameraMode":{"drawMode":0,"name":"Shaded","section":"Shading Mode"},"sceneLighting":false,"audioPlay":false,"sceneViewState":{"showFog":true,"showMaterialUpdate":false,"showSkybox":true,"showFlares":true,"showImageEffects":true,"showParticleSystems":true,"showVisualEffectGraphs":true,"m_FxEnabled":true},"in2DMode":false,"pivot":{"x":0.15676942467689515,"y":0.04715999588370323,"z":0.043405793607234958},"rotation":{"x":0.20677296817302705,"y":0.78617924451828,"z":-0.34826064109802248,"w":0.466778427362442},"size":0.39019423723220827,"orthographic":false}