{"cameraMode":{"drawMode":0,"name":"Shaded","section":"Shading Mode"},"sceneLighting":true,"audioPlay":false,"sceneViewState":{"showFog":true,"showMaterialUpdate":false,"showSkybox":true,"showFlares":true,"showImageEffects":true,"showParticleSystems":true,"showVisualEffectGraphs":true,"m_FxEnabled":true},"in2DMode":false,"pivot":{"x":-1.0666394233703614,"y":0.3957764506340027,"z":7.612855911254883},"rotation":{"x":0.029148709028959276,"y":-0.12890180945396424,"z":0.0037928505335003139,"w":0.9912285208702087},"size":4.256049633026123,"orthographic":false}