{"cameraMode":{"drawMode":0,"name":"Shaded","section":"Shading Mode"},"sceneLighting":true,"audioPlay":false,"sceneViewState":{"showFog":true,"showMaterialUpdate":false,"showSkybox":true,"showFlares":true,"showImageEffects":true,"showParticleSystems":true,"showVisualEffectGraphs":true,"m_FxEnabled":true},"in2DMode":false,"pivot":{"x":0.47547462582588198,"y":0.7884129881858826,"z":-2.017184257507324},"rotation":{"x":0.016625890508294107,"y":-0.9795993566513062,"z":0.1782577931880951,"w":0.09137725830078125},"size":0.5993748903274536,"orthographic":false}