{"cameraMode":{"drawMode":0,"name":"Shaded","section":"Shading Mode"},"sceneLighting":false,"audioPlay":false,"sceneViewState":{"showFog":true,"showMaterialUpdate":false,"showSkybox":true,"showFlares":true,"showImageEffects":true,"showParticleSystems":true,"showVisualEffectGraphs":true,"m_FxEnabled":true},"in2DMode":false,"pivot":{"x":0.7087401747703552,"y":0.11558693647384644,"z":0.4841567277908325},"rotation":{"x":-0.010268999263644219,"y":0.20844776928424836,"z":0.0021896278485655786,"w":0.9779752492904663},"size":0.20440393686294557,"orthographic":false}