{"cameraMode":{"drawMode":0,"name":"Shaded","section":"Shading Mode"},"sceneLighting":true,"audioPlay":false,"sceneViewState":{"showFog":true,"showMaterialUpdate":false,"showSkybox":true,"showFlares":true,"showImageEffects":true,"showParticleSystems":true,"showVisualEffectGraphs":true,"m_FxEnabled":true},"in2DMode":false,"pivot":{"x":-1.0997389554977418,"y":-0.3316085934638977,"z":0.1358003169298172},"rotation":{"x":0.1936851441860199,"y":0.4421577751636505,"z":-0.09841442853212357,"w":0.8702314496040344},"size":0.07874000072479248,"orthographic":false}