{"cameraMode":{"drawMode":0,"name":"Shaded","section":"Shading Mode"},"sceneLighting":true,"audioPlay":false,"sceneViewState":{"showFog":true,"showMaterialUpdate":false,"showSkybox":true,"showFlares":true,"showImageEffects":true,"showParticleSystems":true,"showVisualEffectGraphs":true,"m_FxEnabled":true},"in2DMode":false,"pivot":{"x":-6.9064226150512699,"y":8.894688606262207,"z":26.60956573486328},"rotation":{"x":0.11793559044599533,"y":0.14759595692157746,"z":0.017535367980599405,"w":-0.9819647073745728},"size":19.237764358520509,"orthographic":false}