{"cameraMode":{"drawMode":0,"name":"Shaded","section":"Shading Mode"},"sceneLighting":true,"audioPlay":false,"sceneViewState":{"showFog":true,"showMaterialUpdate":false,"showSkybox":true,"showFlares":true,"showImageEffects":true,"showParticleSystems":true,"showVisualEffectGraphs":true,"m_FxEnabled":true},"in2DMode":false,"pivot":{"x":1.5426636934280396,"y":-0.8267858624458313,"z":9.127981185913086},"rotation":{"x":0.07582473754882813,"y":0.004486809950321913,"z":-0.00034177149063907564,"w":0.9971131086349487},"size":1.8873634338378907,"orthographic":false}