{"cameraMode":{"drawMode":0,"name":"Shaded","section":"Shading Mode"},"sceneLighting":true,"audioPlay":false,"sceneViewState":{"showFog":true,"showMaterialUpdate":false,"showSkybox":true,"showFlares":true,"showImageEffects":true,"showParticleSystems":true,"showVisualEffectGraphs":true,"m_FxEnabled":true},"in2DMode":false,"pivot":{"x":0.2741696238517761,"y":-0.7868117094039917,"z":12.33238410949707},"rotation":{"x":-0.20283587276935578,"y":-0.022913526743650438,"z":0.0047479853965342049,"w":-0.9789323806762695},"size":2.9101428985595705,"orthographic":false}