{"cameraMode":{"drawMode":0,"name":"Shaded","section":"Shading Mode"},"sceneLighting":true,"audioPlay":false,"sceneViewState":{"showFog":true,"showMaterialUpdate":false,"showSkybox":true,"showFlares":true,"showImageEffects":true,"showParticleSystems":true,"showVisualEffectGraphs":true,"m_FxEnabled":true},"in2DMode":false,"pivot":{"x":-6.245279312133789,"y":2.523503303527832,"z":-4.080693244934082},"rotation":{"x":0.000260195170994848,"y":0.7142214775085449,"z":-0.0002550555800553411,"w":-0.7000669836997986},"size":0.6745632886886597,"orthographic":false}