{"cameraMode":{"drawMode":0,"name":"Shaded","section":"Shading Mode"},"sceneLighting":true,"audioPlay":false,"sceneViewState":{"showFog":true,"showMaterialUpdate":false,"showSkybox":true,"showFlares":true,"showImageEffects":true,"showParticleSystems":true,"showVisualEffectGraphs":true,"m_FxEnabled":true},"in2DMode":false,"pivot":{"x":-8.488930702209473,"y":1.7496472597122193,"z":-11.862432479858399},"rotation":{"x":-0.000414484937209636,"y":0.9626989364624023,"z":-0.0014398695202544332,"w":-0.27079740166664126},"size":9.250307083129883,"orthographic":false}