{"cameraMode":{"drawMode":0,"name":"Shaded","section":"Shading Mode"},"sceneLighting":false,"audioPlay":false,"sceneViewState":{"showFog":true,"showMaterialUpdate":false,"showSkybox":true,"showFlares":true,"showImageEffects":true,"showParticleSystems":true,"showVisualEffectGraphs":true,"m_FxEnabled":true},"in2DMode":false,"pivot":{"x":0.7596246004104614,"y":-1.1274855136871338,"z":7.354184627532959},"rotation":{"x":-0.11627086997032166,"y":-0.08836567401885987,"z":0.010383669286966324,"w":-0.9892240762710571},"size":3.633711338043213,"orthographic":false}