{"cameraMode":{"drawMode":0,"name":"Shaded","section":"Shading Mode"},"sceneLighting":false,"audioPlay":false,"sceneViewState":{"showFog":true,"showMaterialUpdate":false,"showSkybox":true,"showFlares":true,"showImageEffects":true,"showParticleSystems":true,"showVisualEffectGraphs":true,"m_FxEnabled":true},"in2DMode":false,"pivot":{"x":0.954832911491394,"y":0.5535932183265686,"z":2.6980152130126955},"rotation":{"x":0.08845723420381546,"y":-0.07189758121967316,"z":0.006453403737396002,"w":0.9934860467910767},"size":1.411510705947876,"orthographic":false}