{"cameraMode":{"drawMode":0,"name":"Shaded","section":"Shading Mode"},"sceneLighting":true,"audioPlay":false,"sceneViewState":{"showFog":true,"showMaterialUpdate":false,"showSkybox":true,"showFlares":true,"showImageEffects":true,"showParticleSystems":true,"showVisualEffectGraphs":true,"m_FxEnabled":true},"in2DMode":false,"pivot":{"x":-1.3519017696380616,"y":0.4525265395641327,"z":7.743283271789551},"rotation":{"x":-0.016715845093131067,"y":0.10569997876882553,"z":-0.0017708262894302607,"w":-0.9942675828933716},"size":3.406127452850342,"orthographic":false}