{"cameraMode":{"drawMode":0,"name":"Shaded","section":"Shading Mode"},"sceneLighting":false,"audioPlay":false,"sceneViewState":{"showFog":true,"showMaterialUpdate":false,"showSkybox":true,"showFlares":true,"showImageEffects":true,"showParticleSystems":true,"showVisualEffectGraphs":true,"m_FxEnabled":true},"in2DMode":false,"pivot":{"x":5.846799373626709,"y":-0.07873806357383728,"z":15.522342681884766},"rotation":{"x":-0.004110813140869141,"y":0.19406968355178834,"z":0.0008127245819196105,"w":0.9809850454330444},"size":7.9435906410217289,"orthographic":false}