{"cameraMode":{"drawMode":0,"name":"Shaded","section":"Shading Mode"},"sceneLighting":false,"audioPlay":false,"sceneViewState":{"showFog":true,"showMaterialUpdate":false,"showSkybox":false,"showFlares":true,"showImageEffects":true,"showParticleSystems":true,"showVisualEffectGraphs":true,"m_FxEnabled":true},"in2DMode":false,"pivot":{"x":-0.022017575800418855,"y":-0.685879647731781,"z":0.4491615891456604},"rotation":{"x":-0.1255073994398117,"y":0.05027341842651367,"z":-0.006369789130985737,"w":-0.990812361240387},"size":0.14355149865150453,"orthographic":false}