{"cameraMode":{"drawMode":0,"name":"Shaded","section":"Shading Mode"},"sceneLighting":false,"audioPlay":false,"sceneViewState":{"showFog":true,"showMaterialUpdate":false,"showSkybox":false,"showFlares":true,"showImageEffects":true,"showParticleSystems":true,"showVisualEffectGraphs":true,"m_FxEnabled":true},"in2DMode":false,"pivot":{"x":0.00001593679189682007,"y":0.1207529604434967,"z":3.241002559661865e-7},"rotation":{"x":-0.1255073994398117,"y":0.05027341842651367,"z":-0.006369789130985737,"w":-0.990812361240387},"size":0.1236773282289505,"orthographic":false}