{"cameraMode":{"drawMode":0,"name":"Shaded","section":"Shading Mode"},"sceneLighting":false,"audioPlay":false,"sceneViewState":{"showFog":true,"showMaterialUpdate":false,"showSkybox":false,"showFlares":true,"showImageEffects":true,"showParticleSystems":true,"showVisualEffectGraphs":true,"m_FxEnabled":true},"in2DMode":false,"pivot":{"x":-0.18380337953567506,"y":0.611241340637207,"z":11.27529239654541},"rotation":{"x":-0.0008449830347672105,"y":-0.9987452030181885,"z":-0.01797913946211338,"w":0.04677168279886246},"size":0.1490078568458557,"orthographic":false}