{"cameraMode":{"drawMode":0,"name":"Shaded","section":"Shading Mode"},"sceneLighting":false,"audioPlay":false,"sceneViewState":{"showFog":true,"showMaterialUpdate":false,"showSkybox":false,"showFlares":true,"showImageEffects":true,"showParticleSystems":true,"showVisualEffectGraphs":true,"m_FxEnabled":true},"in2DMode":false,"pivot":{"x":0.006888210773468018,"y":0.02127011865377426,"z":-0.20515789091587068},"rotation":{"x":0.4244702458381653,"y":-0.2445572167634964,"z":0.1202220767736435,"w":0.8634620308876038},"size":0.0848059207201004,"orthographic":false}