{"cameraMode":{"drawMode":0,"name":"Shaded","section":"Shading Mode"},"sceneLighting":true,"audioPlay":false,"sceneViewState":{"showFog":true,"showMaterialUpdate":false,"showSkybox":true,"showFlares":true,"showImageEffects":true,"showParticleSystems":true,"showVisualEffectGraphs":true,"m_FxEnabled":true},"in2DMode":false,"pivot":{"x":-11.277172088623047,"y":-0.16195929050445558,"z":-10.650325775146485},"rotation":{"x":0.024981452152132989,"y":-0.9383094310760498,"z":0.06938236206769943,"w":0.33784541487693789},"size":6.074038505554199,"orthographic":false}