{"cameraMode":{"drawMode":0,"name":"Shaded","section":"Shading Mode"},"sceneLighting":false,"audioPlay":false,"sceneViewState":{"showFog":true,"showMaterialUpdate":false,"showSkybox":false,"showFlares":true,"showImageEffects":true,"showParticleSystems":true,"showVisualEffectGraphs":true,"m_FxEnabled":true},"in2DMode":false,"pivot":{"x":-0.18213310837745667,"y":-0.381390780210495,"z":0.3058207631111145},"rotation":{"x":-0.030143121257424356,"y":-0.33471325039863589,"z":-0.011041579768061638,"w":0.9418975114822388},"size":0.13753993809223176,"orthographic":false}