{"cameraMode":{"drawMode":0,"name":"Shaded","section":"Shading Mode"},"sceneLighting":false,"audioPlay":false,"sceneViewState":{"showFog":true,"showMaterialUpdate":false,"showSkybox":false,"showFlares":true,"showImageEffects":true,"showParticleSystems":true,"showVisualEffectGraphs":true,"m_FxEnabled":true},"in2DMode":false,"pivot":{"x":0.3538406789302826,"y":0.08622235059738159,"z":-0.054438360035419467},"rotation":{"x":-0.09274358302354813,"y":0.5978560447692871,"z":-0.06990078836679459,"w":-0.7931557893753052},"size":0.04410451650619507,"orthographic":false}