{"cameraMode":{"drawMode":0,"name":"Shaded","section":"Shading Mode"},"sceneLighting":false,"audioPlay":false,"sceneViewState":{"showFog":true,"showMaterialUpdate":false,"showSkybox":false,"showFlares":true,"showImageEffects":true,"showParticleSystems":true,"showVisualEffectGraphs":true,"m_FxEnabled":true},"in2DMode":false,"pivot":{"x":-0.010008025914430619,"y":0.11101989448070526,"z":-0.0028089694678783418},"rotation":{"x":0.09238141775131226,"y":-0.7656376957893372,"z":0.11289563030004502,"w":0.6265156269073486},"size":0.04410451650619507,"orthographic":false}