{"cameraMode":{"drawMode":0,"name":"Shaded","section":"Shading Mode"},"sceneLighting":false,"audioPlay":false,"sceneViewState":{"showFog":true,"showMaterialUpdate":false,"showSkybox":false,"showFlares":true,"showImageEffects":true,"showParticleSystems":true,"showVisualEffectGraphs":true,"m_FxEnabled":true},"in2DMode":false,"pivot":{"x":-0.000162443146109581,"y":0.14981329441070558,"z":0.00011999998241662979},"rotation":{"x":-0.29624152183532717,"y":-0.02921118400990963,"z":0.009072063490748406,"w":-0.954633891582489},"size":0.644104540348053,"orthographic":false}