{"cameraMode":{"drawMode":0,"name":"Shaded","section":"Shading Mode"},"sceneLighting":false,"audioPlay":false,"sceneViewState":{"showFog":true,"showMaterialUpdate":false,"showSkybox":false,"showFlares":true,"showImageEffects":true,"showParticleSystems":true,"showVisualEffectGraphs":true,"m_FxEnabled":true},"in2DMode":false,"pivot":{"x":0.28949230909347536,"y":0.6313891410827637,"z":0.15283691883087159},"rotation":{"x":0.05592413991689682,"y":-0.8146258592605591,"z":-0.07967927306890488,"w":-0.5717723369598389},"size":0.433773398399353,"orthographic":false}