{"cameraMode":{"drawMode":0,"name":"Shaded","section":"Shading Mode"},"sceneLighting":false,"audioPlay":false,"sceneViewState":{"showFog":true,"showMaterialUpdate":false,"showSkybox":false,"showFlares":true,"showImageEffects":true,"showParticleSystems":true,"showVisualEffectGraphs":true,"m_FxEnabled":true},"in2DMode":false,"pivot":{"x":0.3641473054885864,"y":0.4706215262413025,"z":-0.40910935401916506},"rotation":{"x":0.02003234438598156,"y":-0.7941481471061707,"z":-0.026216823607683183,"w":-0.6068394780158997},"size":0.1662265956401825,"orthographic":false}