{"cameraMode":{"drawMode":0,"name":"Shaded","section":"Shading Mode"},"sceneLighting":false,"audioPlay":false,"sceneViewState":{"showFog":true,"showMaterialUpdate":false,"showSkybox":false,"showFlares":true,"showImageEffects":true,"showParticleSystems":true,"showVisualEffectGraphs":true,"m_FxEnabled":true},"in2DMode":false,"pivot":{"x":-5.415172576904297,"y":-11.564745903015137,"z":3.268977165222168},"rotation":{"x":0.010714322328567505,"y":0.9673801064491272,"z":-0.041524387896060947,"w":0.24970567226409913},"size":32.95883560180664,"orthographic":false}