{"cameraMode":{"drawMode":0,"name":"Shaded","section":"Shading Mode"},"sceneLighting":false,"audioPlay":false,"sceneViewState":{"showFog":true,"showMaterialUpdate":false,"showSkybox":false,"showFlares":true,"showImageEffects":true,"showParticleSystems":true,"showVisualEffectGraphs":true,"m_FxEnabled":true},"in2DMode":false,"pivot":{"x":-7.450580596923828e-9,"y":0.03974006325006485,"z":3.725290298461914e-9},"rotation":{"x":-0.43226897716522219,"y":-0.0002748028200585395,"z":0.00012920623703394085,"w":-0.9017614126205444},"size":0.06928202509880066,"orthographic":false}