{"cameraMode":{"drawMode":0,"name":"Shaded","section":"Shading Mode"},"sceneLighting":false,"audioPlay":false,"sceneViewState":{"showFog":true,"showMaterialUpdate":false,"showSkybox":false,"showFlares":true,"showImageEffects":true,"showParticleSystems":true,"showVisualEffectGraphs":true,"m_FxEnabled":true},"in2DMode":false,"pivot":{"x":-0.1392522007226944,"y":0.08357320725917816,"z":0.021463528275489808},"rotation":{"x":0.12649834156036378,"y":-0.7713193893432617,"z":0.16198429465293885,"w":0.6023526787757874},"size":0.4028123617172241,"orthographic":false}