{"cameraMode":{"drawMode":0,"name":"Shaded","section":"Shading Mode"},"sceneLighting":false,"audioPlay":false,"sceneViewState":{"showFog":true,"showMaterialUpdate":false,"showSkybox":false,"showFlares":true,"showImageEffects":true,"showParticleSystems":true,"showVisualEffectGraphs":true,"m_FxEnabled":true},"in2DMode":false,"pivot":{"x":0.5752213001251221,"y":-0.1150895357131958,"z":-0.01811981201171875},"rotation":{"x":0.048282191157341,"y":0.017736924812197686,"z":-0.0008012052276171744,"w":0.9987053275108337},"size":6.4207305908203129,"orthographic":false}