{"cameraMode":{"drawMode":0,"name":"Shaded","section":"Shading Mode"},"sceneLighting":false,"audioPlay":false,"sceneViewState":{"showFog":true,"showMaterialUpdate":false,"showSkybox":false,"showFlares":true,"showImageEffects":true,"showParticleSystems":true,"showVisualEffectGraphs":true,"m_FxEnabled":true},"in2DMode":false,"pivot":{"x":-1.5496160984039307,"y":0.1503409743309021,"z":-1.1655476093292237},"rotation":{"x":0.6159668564796448,"y":0.05306006968021393,"z":-0.041641056537628177,"w":0.7848801016807556},"size":0.26098257303237917,"orthographic":true}