{"cameraMode":{"drawMode":0,"name":"Shaded","section":"Shading Mode"},"sceneLighting":false,"audioPlay":false,"sceneViewState":{"showFog":true,"showMaterialUpdate":false,"showSkybox":false,"showFlares":true,"showImageEffects":true,"showParticleSystems":true,"showVisualEffectGraphs":true,"m_FxEnabled":true},"in2DMode":false,"pivot":{"x":-2.237666130065918,"y":-0.01973665878176689,"z":1.6011391878128052},"rotation":{"x":0.12532906234264375,"y":-0.545924723148346,"z":0.08300982415676117,"w":0.8242388963699341},"size":0.16180288791656495,"orthographic":true}