{"cameraMode":{"drawMode":0,"name":"Shaded","section":"Shading Mode"},"sceneLighting":false,"audioPlay":false,"sceneViewState":{"showFog":true,"showMaterialUpdate":false,"showSkybox":false,"showFlares":true,"showImageEffects":true,"showParticleSystems":true,"showVisualEffectGraphs":true,"m_FxEnabled":true},"in2DMode":false,"pivot":{"x":-0.04074205830693245,"y":0.19478756189346314,"z":0.526695728302002},"rotation":{"x":-0.008313791826367379,"y":-0.9916703104972839,"z":0.08799271285533905,"w":-0.09369639307260513},"size":0.03397172689437866,"orthographic":false}