{"cameraMode":{"drawMode":0,"name":"Shaded","section":"Shading Mode"},"sceneLighting":false,"audioPlay":false,"sceneViewState":{"showFog":true,"showMaterialUpdate":false,"showSkybox":false,"showFlares":true,"showImageEffects":true,"showParticleSystems":true,"showVisualEffectGraphs":true,"m_FxEnabled":true},"in2DMode":false,"pivot":{"x":0.08076788485050202,"y":0.04132372885942459,"z":-0.0056265853345394138},"rotation":{"x":-0.008204224519431591,"y":0.9203129410743713,"z":0.01932942122220993,"w":0.3906196057796478},"size":0.4371386170387268,"orthographic":false}