{"cameraMode":{"drawMode":0,"name":"Shaded","section":"Shading Mode"},"sceneLighting":false,"audioPlay":false,"sceneViewState":{"showFog":true,"showMaterialUpdate":false,"showSkybox":false,"showFlares":true,"showImageEffects":true,"showParticleSystems":true,"showVisualEffectGraphs":true,"m_FxEnabled":true},"in2DMode":false,"pivot":{"x":-0.007138666696846485,"y":0.004169821739196777,"z":-0.040334440767765048},"rotation":{"x":0.0055251577869057659,"y":-0.7049660682678223,"z":0.7092079520225525,"w":0.005499751307070255},"size":0.3093961775302887,"orthographic":true}