{"cameraMode":{"drawMode":0,"name":"Shaded","section":"Shading Mode"},"sceneLighting":false,"audioPlay":false,"sceneViewState":{"showFog":true,"showMaterialUpdate":false,"showSkybox":false,"showFlares":true,"showImageEffects":true,"showParticleSystems":true,"showVisualEffectGraphs":true,"m_FxEnabled":true},"in2DMode":false,"pivot":{"x":-0.007138666696846485,"y":0.004169821739196777,"z":-0.040334440767765048},"rotation":{"x":0.26791372895240786,"y":-0.6052706837654114,"z":0.7143925428390503,"w":0.22699856758117677},"size":0.16039656102657319,"orthographic":true}