{"cameraMode":{"drawMode":0,"name":"Shaded","section":"Shading Mode"},"sceneLighting":false,"audioPlay":false,"sceneViewState":{"showFog":true,"showMaterialUpdate":false,"showSkybox":false,"showFlares":true,"showImageEffects":true,"showParticleSystems":true,"showVisualEffectGraphs":true,"m_FxEnabled":true},"in2DMode":false,"pivot":{"x":-0.5280566811561585,"y":-0.23595982789993287,"z":-0.8837080001831055},"rotation":{"x":-0.027646902948617936,"y":0.9685192108154297,"z":-0.12563657760620118,"w":-0.21312664449214936},"size":1.0396032333374024,"orthographic":false}