{"cameraMode":{"drawMode":0,"name":"Shaded","section":"Shading Mode"},"sceneLighting":false,"audioPlay":false,"sceneViewState":{"showFog":true,"showMaterialUpdate":false,"showSkybox":false,"showFlares":true,"showImageEffects":true,"showParticleSystems":true,"showVisualEffectGraphs":true,"m_FxEnabled":true},"in2DMode":false,"pivot":{"x":-0.0023475587368011476,"y":0.13052986562252046,"z":0.10297086834907532},"rotation":{"x":-0.019655046984553338,"y":-0.6370273232460022,"z":-0.016240781173110009,"w":0.770429790019989},"size":0.12593579292297364,"orthographic":false}