{"cameraMode":{"drawMode":0,"name":"Shaded","section":"Shading Mode"},"sceneLighting":false,"audioPlay":false,"sceneViewState":{"showFog":true,"showMaterialUpdate":false,"showSkybox":false,"showFlares":true,"showImageEffects":true,"showParticleSystems":true,"showVisualEffectGraphs":true,"m_FxEnabled":true},"in2DMode":false,"pivot":{"x":-0.21552403271198274,"y":-0.0015181498602032662,"z":-0.19013655185699464},"rotation":{"x":0.036092136055231097,"y":0.797125518321991,"z":-0.04788593575358391,"w":0.600832462310791},"size":0.12732693552970887,"orthographic":false}