{"cameraMode":{"drawMode":0,"name":"Shaded","section":"Shading Mode"},"sceneLighting":false,"audioPlay":false,"sceneViewState":{"showFog":true,"showMaterialUpdate":false,"showSkybox":false,"showFlares":true,"showImageEffects":true,"showParticleSystems":true,"showVisualEffectGraphs":true,"m_FxEnabled":true},"in2DMode":false,"pivot":{"x":0.6426990032196045,"y":0.15757691860198975,"z":-0.3665417432785034},"rotation":{"x":0.2463274747133255,"y":-0.7396290898323059,"z":0.34965094923973086,"w":0.5198573470115662},"size":1.8035712242126465,"orthographic":false}