{"cameraMode":{"drawMode":0,"name":"Shaded","section":"Shading Mode"},"sceneLighting":false,"audioPlay":false,"sceneViewState":{"showFog":true,"showMaterialUpdate":false,"showSkybox":false,"showFlares":true,"showImageEffects":true,"showParticleSystems":true,"showVisualEffectGraphs":true,"m_FxEnabled":true},"in2DMode":false,"pivot":{"x":2.7931346893310549,"y":-1.5666404962539673,"z":-0.13381683826446534},"rotation":{"x":0.2463274747133255,"y":-0.7396290898323059,"z":0.34965094923973086,"w":0.5198573470115662},"size":2.1035711765289308,"orthographic":false}