{"cameraMode":{"drawMode":0,"name":"Shaded","section":"Shading Mode"},"sceneLighting":false,"audioPlay":false,"sceneViewState":{"showFog":true,"showMaterialUpdate":false,"showSkybox":false,"showFlares":true,"showImageEffects":true,"showParticleSystems":true,"showVisualEffectGraphs":true,"m_FxEnabled":true},"in2DMode":false,"pivot":{"x":0.018184900283813478,"y":7.322875022888184,"z":0.26063990592956545},"rotation":{"x":-0.09770096093416214,"y":0.6831902861595154,"z":-0.09301602840423584,"w":-0.7176816463470459},"size":7.70184326171875,"orthographic":false}