{"cameraMode":{"drawMode":0,"name":"Shaded","section":"Shading Mode"},"sceneLighting":false,"audioPlay":false,"sceneViewState":{"showFog":true,"showMaterialUpdate":false,"showSkybox":false,"showFlares":true,"showImageEffects":true,"showParticleSystems":true,"showVisualEffectGraphs":true,"m_FxEnabled":true},"in2DMode":false,"pivot":{"x":-1.946716070175171,"y":0.03568430244922638,"z":0.8437338471412659},"rotation":{"x":-0.031574469059705737,"y":0.9684273600578308,"z":-0.1771213859319687,"w":-0.17261268198490144},"size":0.06717602163553238,"orthographic":false}