{"cameraMode":{"drawMode":0,"name":"Shaded","section":"Shading Mode"},"sceneLighting":false,"audioPlay":false,"sceneViewState":{"showFog":true,"showMaterialUpdate":false,"showSkybox":false,"showFlares":true,"showImageEffects":true,"showParticleSystems":true,"showVisualEffectGraphs":true,"m_FxEnabled":true},"in2DMode":false,"pivot":{"x":-0.15565770864486695,"y":0.734780490398407,"z":9.917088508605957},"rotation":{"x":-0.0025313838850706817,"y":0.9965088367462158,"z":0.03289705887436867,"w":0.07667960971593857},"size":0.7490078806877136,"orthographic":false}