{"cameraMode":{"drawMode":0,"name":"Shaded","section":"Shading Mode"},"sceneLighting":false,"audioPlay":false,"sceneViewState":{"showFog":true,"showMaterialUpdate":false,"showSkybox":false,"showFlares":true,"showImageEffects":true,"showParticleSystems":true,"showVisualEffectGraphs":true,"m_FxEnabled":true},"in2DMode":false,"pivot":{"x":0.19815561175346375,"y":-1.0656239986419678,"z":-0.12196323275566101},"rotation":{"x":-0.049947258085012439,"y":0.9028135538101196,"z":-0.11099765449762345,"w":-0.4128777086734772},"size":0.09046588093042374,"orthographic":false}