{"cameraMode":{"drawMode":0,"name":"Shaded","section":"Shading Mode"},"sceneLighting":false,"audioPlay":false,"sceneViewState":{"showFog":true,"showMaterialUpdate":false,"showSkybox":false,"showFlares":true,"showImageEffects":true,"showParticleSystems":true,"showVisualEffectGraphs":true,"m_FxEnabled":true},"in2DMode":false,"pivot":{"x":0.2838473916053772,"y":-0.288791298866272,"z":0.15975970029830934},"rotation":{"x":-0.005845753941684961,"y":0.22544163465499879,"z":0.0013512653531506658,"w":0.9742406010627747},"size":0.10624830424785614,"orthographic":false}