{"cameraMode":{"drawMode":0,"name":"Shaded","section":"Shading Mode"},"sceneLighting":false,"audioPlay":false,"sceneViewState":{"showFog":true,"showMaterialUpdate":false,"showSkybox":false,"showFlares":true,"showImageEffects":true,"showParticleSystems":true,"showVisualEffectGraphs":true,"m_FxEnabled":true},"in2DMode":false,"pivot":{"x":0.30789995193481448,"y":0.47100019454956057,"z":-0.04680941253900528},"rotation":{"x":0.21138884127140046,"y":0.005863693542778492,"z":-0.0012682843953371049,"w":0.9773831367492676},"size":7.0710906982421879,"orthographic":false}