{"cameraMode":{"drawMode":0,"name":"Shaded","section":"Shading Mode"},"sceneLighting":false,"audioPlay":false,"sceneViewState":{"showFog":true,"showMaterialUpdate":false,"showSkybox":false,"showFlares":true,"showImageEffects":true,"showParticleSystems":true,"showVisualEffectGraphs":true,"m_FxEnabled":true},"in2DMode":false,"pivot":{"x":0.3714427947998047,"y":0.6579881906509399,"z":-0.8526992797851563},"rotation":{"x":0.002527624135836959,"y":-0.9911176562309265,"z":-0.13159307837486268,"w":-0.019036373123526574},"size":0.5792759656906128,"orthographic":false}