{"cameraMode":{"drawMode":0,"name":"Shaded","section":"Shading Mode"},"sceneLighting":false,"audioPlay":false,"sceneViewState":{"showFog":true,"showMaterialUpdate":false,"showSkybox":false,"showFlares":true,"showImageEffects":true,"showParticleSystems":true,"showVisualEffectGraphs":true,"m_FxEnabled":true},"in2DMode":false,"pivot":{"x":0.17119979858398438,"y":0.1701955795288086,"z":0.2753000855445862},"rotation":{"x":0.05031139403581619,"y":-0.9460102915763855,"z":0.17948484420776368,"w":0.26517540216445925},"size":0.5792759656906128,"orthographic":false}