{"cameraMode":{"drawMode":0,"name":"Shaded","section":"Shading Mode"},"sceneLighting":false,"audioPlay":false,"sceneViewState":{"showFog":true,"showMaterialUpdate":false,"showSkybox":false,"showFlares":true,"showImageEffects":true,"showParticleSystems":true,"showVisualEffectGraphs":true,"m_FxEnabled":true},"in2DMode":false,"pivot":{"x":-0.5780148506164551,"y":0.21450331807136537,"z":-0.0508350133895874},"rotation":{"x":-0.006989092566072941,"y":0.9930112957954407,"z":0.0836096927523613,"w":0.08300774544477463},"size":0.5978213548660278,"orthographic":false}