{"cameraMode":{"drawMode":0,"name":"Shaded","section":"Shading Mode"},"sceneLighting":false,"audioPlay":false,"sceneViewState":{"showFog":true,"showMaterialUpdate":false,"showSkybox":false,"showFlares":true,"showImageEffects":true,"showParticleSystems":true,"showVisualEffectGraphs":true,"m_FxEnabled":true},"in2DMode":false,"pivot":{"x":-0.7844418287277222,"y":0.1333833634853363,"z":-0.21563255786895753},"rotation":{"x":-0.02221071906387806,"y":0.970848023891449,"z":0.09937132894992829,"w":0.21699650585651399},"size":0.5978213548660278,"orthographic":false}