{"cameraMode":{"drawMode":0,"name":"Shaded","section":"Shading Mode"},"sceneLighting":false,"audioPlay":false,"sceneViewState":{"showFog":true,"showMaterialUpdate":false,"showSkybox":false,"showFlares":true,"showImageEffects":true,"showParticleSystems":true,"showVisualEffectGraphs":true,"m_FxEnabled":true},"in2DMode":false,"pivot":{"x":-0.8199431300163269,"y":0.019043318927288057,"z":0.2843945026397705},"rotation":{"x":0.08763641864061356,"y":0.6450755000114441,"z":-0.07483943551778794,"w":0.7553807497024536},"size":0.4247418940067291,"orthographic":true}