{"cameraMode":{"drawMode":0,"name":"Shaded","section":"Shading Mode"},"sceneLighting":false,"audioPlay":false,"sceneViewState":{"showFog":true,"showMaterialUpdate":false,"showSkybox":false,"showFlares":true,"showImageEffects":true,"showParticleSystems":true,"showVisualEffectGraphs":true,"m_FxEnabled":true},"in2DMode":false,"pivot":{"x":-0.10089203715324402,"y":0.030906319618225099,"z":-0.041418612003326419},"rotation":{"x":-0.3127889633178711,"y":0.6057268381118774,"z":-0.2803679406642914,"w":-0.6757686138153076},"size":0.31337887048721316,"orthographic":false}