{"cameraMode":{"drawMode":0,"name":"Shaded","section":"Shading Mode"},"sceneLighting":false,"audioPlay":false,"sceneViewState":{"showFog":true,"showMaterialUpdate":false,"showSkybox":false,"showFlares":true,"showImageEffects":true,"showParticleSystems":true,"showVisualEffectGraphs":true,"m_FxEnabled":true},"in2DMode":false,"pivot":{"x":-2.3216705322265627,"y":0.3376564681529999,"z":-3.619999885559082},"rotation":{"x":-0.07093499600887299,"y":-0.10631073266267777,"z":0.0075944713316857819,"w":-0.9917947053909302},"size":0.6690627336502075,"orthographic":false}