{"cameraMode":{"drawMode":0,"name":"Shaded","section":"Shading Mode"},"sceneLighting":false,"audioPlay":false,"sceneViewState":{"showFog":true,"showMaterialUpdate":false,"showSkybox":false,"showFlares":true,"showImageEffects":true,"showParticleSystems":true,"showVisualEffectGraphs":true,"m_FxEnabled":true},"in2DMode":false,"pivot":{"x":0.02286043018102646,"y":0.0244123637676239,"z":-0.12752403318881989},"rotation":{"x":0.3431321680545807,"y":0.6173684000968933,"z":-0.3416927456855774,"w":0.6199693083763123},"size":0.07630801200866699,"orthographic":false}