{"cameraMode":{"drawMode":0,"name":"Shaded","section":"Shading Mode"},"sceneLighting":false,"audioPlay":false,"sceneViewState":{"showFog":true,"showMaterialUpdate":false,"showSkybox":false,"showFlares":true,"showImageEffects":true,"showParticleSystems":true,"showVisualEffectGraphs":true,"m_FxEnabled":true},"in2DMode":false,"pivot":{"x":0.010930472053587437,"y":0.3015768527984619,"z":-0.019620686769485475},"rotation":{"x":-0.03435623645782471,"y":0.7701209783554077,"z":-0.6356092691421509,"w":-0.041626714169979098},"size":0.07630801200866699,"orthographic":false}