{"cameraMode":{"drawMode":0,"name":"Shaded","section":"Shading Mode"},"sceneLighting":false,"audioPlay":false,"sceneViewState":{"showFog":true,"showMaterialUpdate":false,"showSkybox":false,"showFlares":true,"showImageEffects":true,"showParticleSystems":true,"showVisualEffectGraphs":true,"m_FxEnabled":true},"in2DMode":false,"pivot":{"x":-1.9868055582046509,"y":0.15143293142318726,"z":-1.138715386390686},"rotation":{"x":0.05354984104633331,"y":0.9279037117958069,"z":-0.14679278433322907,"w":0.3384968340396881},"size":0.07412417232990265,"orthographic":true}