{"cameraMode":{"drawMode":0,"name":"Shaded","section":"Shading Mode"},"sceneLighting":false,"audioPlay":false,"sceneViewState":{"showFog":true,"showMaterialUpdate":false,"showSkybox":false,"showFlares":true,"showImageEffects":true,"showParticleSystems":true,"showVisualEffectGraphs":true,"m_FxEnabled":true},"in2DMode":false,"pivot":{"x":-2.4104225635528566,"y":-0.6305572986602783,"z":7.379122734069824},"rotation":{"x":0.03061858005821705,"y":-0.13303975760936738,"z":0.004112230613827705,"w":0.9906275272369385},"size":0.6880823373794556,"orthographic":false}