{"cameraMode":{"drawMode":0,"name":"Shaded","section":"Shading Mode"},"sceneLighting":false,"audioPlay":false,"sceneViewState":{"showFog":true,"showMaterialUpdate":false,"showSkybox":false,"showFlares":true,"showImageEffects":true,"showParticleSystems":true,"showVisualEffectGraphs":true,"m_FxEnabled":true},"in2DMode":false,"pivot":{"x":0.001186072826385498,"y":0.134618878364563,"z":-2.1999998092651369},"rotation":{"x":-0.25901538133621218,"y":-0.5460328459739685,"z":0.18267853558063508,"w":-0.7755525708198547},"size":0.5083312392234802,"orthographic":false}