{"cameraMode":{"drawMode":0,"name":"Shaded","section":"Shading Mode"},"sceneLighting":false,"audioPlay":false,"sceneViewState":{"showFog":true,"showMaterialUpdate":false,"showSkybox":false,"showFlares":true,"showImageEffects":true,"showParticleSystems":true,"showVisualEffectGraphs":true,"m_FxEnabled":true},"in2DMode":false,"pivot":{"x":0.2398047298192978,"y":-0.13366450369358064,"z":0.22212454676628114},"rotation":{"x":0.2687368094921112,"y":0.42680320143699648,"z":-0.13492751121520997,"w":0.853019654750824},"size":0.3521037697792053,"orthographic":false}