{"cameraMode":{"drawMode":0,"name":"Shaded","section":"Shading Mode"},"sceneLighting":false,"audioPlay":false,"sceneViewState":{"showFog":true,"showMaterialUpdate":false,"showSkybox":false,"showFlares":true,"showImageEffects":true,"showParticleSystems":true,"showVisualEffectGraphs":true,"m_FxEnabled":true},"in2DMode":false,"pivot":{"x":0.0012748241424560547,"y":0.6863769292831421,"z":0.3615379333496094},"rotation":{"x":0.03196936100721359,"y":0.9545866250991821,"z":-0.11123902350664139,"w":0.27461498975753786},"size":0.5336978435516357,"orthographic":false}