{"cameraMode":{"drawMode":0,"name":"Shaded","section":"Shading Mode"},"sceneLighting":false,"audioPlay":false,"sceneViewState":{"showFog":true,"showMaterialUpdate":false,"showSkybox":false,"showFlares":true,"showImageEffects":true,"showParticleSystems":true,"showVisualEffectGraphs":true,"m_FxEnabled":true},"in2DMode":false,"pivot":{"x":-0.15623854100704194,"y":-0.37235239148139956,"z":0.4555269181728363},"rotation":{"x":-0.030143121257424356,"y":-0.33471325039863589,"z":-0.011041579768061638,"w":0.9418975114822388},"size":0.13285019993782044,"orthographic":false}