{"cameraMode":{"drawMode":0,"name":"Shaded","section":"Shading Mode"},"sceneLighting":false,"audioPlay":false,"sceneViewState":{"showFog":true,"showMaterialUpdate":false,"showSkybox":false,"showFlares":true,"showImageEffects":true,"showParticleSystems":true,"showVisualEffectGraphs":true,"m_FxEnabled":true},"in2DMode":false,"pivot":{"x":0.0016838591545820237,"y":0.1204296201467514,"z":-0.00001593679189682007},"rotation":{"x":0.0009790539043024183,"y":-0.9452582001686096,"z":0.0028357289265841247,"w":0.32630905508995058},"size":0.42506784200668337,"orthographic":false}