{"cameraMode":{"drawMode":0,"name":"Shaded","section":"Shading Mode"},"sceneLighting":false,"audioPlay":false,"sceneViewState":{"showFog":true,"showMaterialUpdate":false,"showSkybox":false,"showFlares":true,"showImageEffects":true,"showParticleSystems":true,"showVisualEffectGraphs":true,"m_FxEnabled":true},"in2DMode":false,"pivot":{"x":-0.13029639422893525,"y":-0.6500688791275024,"z":0.4579162001609802},"rotation":{"x":-0.026358451694250108,"y":-0.695342481136322,"z":0.025815758854150773,"w":-0.7178893685340881},"size":0.09417755901813507,"orthographic":false}