{"cameraMode":{"drawMode":0,"name":"Shaded","section":"Shading Mode"},"sceneLighting":false,"audioPlay":false,"sceneViewState":{"showFog":true,"showMaterialUpdate":false,"showSkybox":false,"showFlares":true,"showImageEffects":true,"showParticleSystems":true,"showVisualEffectGraphs":true,"m_FxEnabled":true},"in2DMode":false,"pivot":{"x":-1.010582685470581,"y":0.47054171562194826,"z":12.167930603027344},"rotation":{"x":-0.06210189685225487,"y":-0.09029442071914673,"z":0.005636189598590136,"w":-0.9939745664596558},"size":2.538651704788208,"orthographic":false}