{"cameraMode":{"drawMode":0,"name":"Shaded","section":"Shading Mode"},"sceneLighting":false,"audioPlay":false,"sceneViewState":{"showFog":true,"showMaterialUpdate":false,"showSkybox":false,"showFlares":true,"showImageEffects":true,"showParticleSystems":true,"showVisualEffectGraphs":true,"m_FxEnabled":true},"in2DMode":false,"pivot":{"x":0.0011631581000983716,"y":0.11715161055326462,"z":0.004489332437515259},"rotation":{"x":0.4244702458381653,"y":-0.2445572167634964,"z":0.1202220767736435,"w":0.8634620308876038},"size":0.12274166196584702,"orthographic":false}