{"cameraMode":{"drawMode":0,"name":"Shaded","section":"Shading Mode"},"sceneLighting":false,"audioPlay":false,"sceneViewState":{"showFog":true,"showMaterialUpdate":false,"showSkybox":false,"showFlares":true,"showImageEffects":true,"showParticleSystems":true,"showVisualEffectGraphs":true,"m_FxEnabled":true},"in2DMode":false,"pivot":{"x":-0.14016522467136384,"y":-0.3842366635799408,"z":0.5220184326171875},"rotation":{"x":-0.030143121257424356,"y":-0.33471325039863589,"z":-0.011041579768061638,"w":0.9418975114822388},"size":-1.6400954723358155,"orthographic":false}