{"cameraMode":{"drawMode":0,"name":"Shaded","section":"Shading Mode"},"sceneLighting":false,"audioPlay":false,"sceneViewState":{"showFog":true,"showMaterialUpdate":false,"showSkybox":false,"showFlares":true,"showImageEffects":true,"showParticleSystems":true,"showVisualEffectGraphs":true,"m_FxEnabled":true},"in2DMode":false,"pivot":{"x":0.13759732246398927,"y":-0.4322328269481659,"z":0.3971201479434967},"rotation":{"x":-0.18503254652023316,"y":-0.17033691704273225,"z":0.03258176147937775,"w":-0.9673211574554443},"size":0.1433619260787964,"orthographic":false}