{"cameraMode":{"drawMode":0,"name":"Shaded","section":"Shading Mode"},"sceneLighting":false,"audioPlay":false,"sceneViewState":{"showFog":true,"showMaterialUpdate":false,"showSkybox":false,"showFlares":true,"showImageEffects":true,"showParticleSystems":true,"showVisualEffectGraphs":true,"m_FxEnabled":true},"in2DMode":false,"pivot":{"x":0.001747962087392807,"y":0.11998969316482544,"z":0.0015777349472045899},"rotation":{"x":-0.04263801872730255,"y":0.9238954186439514,"z":-0.10802532732486725,"w":-0.3646176755428314},"size":0.13231606781482697,"orthographic":false}