{"cameraMode":{"drawMode":0,"name":"Shaded","section":"Shading Mode"},"sceneLighting":false,"audioPlay":false,"sceneViewState":{"showFog":true,"showMaterialUpdate":false,"showSkybox":false,"showFlares":true,"showImageEffects":true,"showParticleSystems":true,"showVisualEffectGraphs":true,"m_FxEnabled":true},"in2DMode":false,"pivot":{"x":0.0971543937921524,"y":-0.32369816303253176,"z":-0.0460369735956192},"rotation":{"x":0.014115441590547562,"y":-0.6898014545440674,"z":0.013452285900712014,"w":0.7237340211868286},"size":0.12475910782814026,"orthographic":false}