{"cameraMode":{"drawMode":0,"name":"Shaded","section":"Shading Mode"},"sceneLighting":false,"audioPlay":false,"sceneViewState":{"showFog":true,"showMaterialUpdate":false,"showSkybox":false,"showFlares":true,"showImageEffects":true,"showParticleSystems":true,"showVisualEffectGraphs":true,"m_FxEnabled":true},"in2DMode":false,"pivot":{"x":-0.09937292337417603,"y":-0.2800472378730774,"z":0.2221171259880066},"rotation":{"x":0.09584734588861466,"y":-0.010451462119817734,"z":0.0010064342059195042,"w":0.9953405857086182},"size":0.5541924238204956,"orthographic":false}