{"cameraMode":{"drawMode":0,"name":"Shaded","section":"Shading Mode"},"sceneLighting":false,"audioPlay":false,"sceneViewState":{"showFog":true,"showMaterialUpdate":false,"showSkybox":false,"showFlares":true,"showImageEffects":true,"showParticleSystems":true,"showVisualEffectGraphs":true,"m_FxEnabled":true},"in2DMode":false,"pivot":{"x":-0.19986405968666078,"y":-0.35006752610206606,"z":0.5607688426971436},"rotation":{"x":-0.09738913178443909,"y":-0.7229872345924377,"z":0.10460742563009262,"w":-0.6760854721069336},"size":0.09506343305110932,"orthographic":false}