{"cameraMode":{"drawMode":0,"name":"Shaded","section":"Shading Mode"},"sceneLighting":false,"audioPlay":false,"sceneViewState":{"showFog":true,"showMaterialUpdate":false,"showSkybox":false,"showFlares":true,"showImageEffects":true,"showParticleSystems":true,"showVisualEffectGraphs":true,"m_FxEnabled":true},"in2DMode":false,"pivot":{"x":-1.5255188941955567,"y":0.08410560339689255,"z":0.039811618626117709},"rotation":{"x":0.008695567958056927,"y":-0.9548419713973999,"z":0.028078529983758928,"w":0.295677125453949},"size":0.25419217348098757,"orthographic":false}