{"cameraMode":{"drawMode":0,"name":"Shaded","section":"Shading Mode"},"sceneLighting":false,"audioPlay":false,"sceneViewState":{"showFog":true,"showMaterialUpdate":false,"showSkybox":false,"showFlares":true,"showImageEffects":true,"showParticleSystems":true,"showVisualEffectGraphs":true,"m_FxEnabled":true},"in2DMode":false,"pivot":{"x":-1.480352759361267,"y":0.05956567823886871,"z":0.06545254588127136},"rotation":{"x":0.05470634251832962,"y":-0.9452845454216003,"z":0.2247234433889389,"w":0.23012135922908784},"size":0.25419217348098757,"orthographic":false}