{"cameraMode":{"drawMode":0,"name":"Shaded","section":"Shading Mode"},"sceneLighting":false,"audioPlay":false,"sceneViewState":{"showFog":true,"showMaterialUpdate":false,"showSkybox":false,"showFlares":true,"showImageEffects":true,"showParticleSystems":true,"showVisualEffectGraphs":true,"m_FxEnabled":true},"in2DMode":false,"pivot":{"x":0.010742091573774815,"y":0.06667976081371308,"z":0.01820284128189087},"rotation":{"x":-0.43226897716522219,"y":-0.0002748028200585395,"z":0.00012920623703394085,"w":-0.9017614126205444},"size":0.06502494215965271,"orthographic":false}