{"cameraMode":{"drawMode":0,"name":"Shaded","section":"Shading Mode"},"sceneLighting":false,"audioPlay":false,"sceneViewState":{"showFog":true,"showMaterialUpdate":false,"showSkybox":false,"showFlares":true,"showImageEffects":true,"showParticleSystems":true,"showVisualEffectGraphs":true,"m_FxEnabled":true},"in2DMode":false,"pivot":{"x":-0.002020038664340973,"y":0.0412566140294075,"z":0.03072267584502697},"rotation":{"x":-0.3867394030094147,"y":0.5061520338058472,"z":-0.2712779939174652,"w":-0.7215832471847534},"size":0.06502494215965271,"orthographic":false}