{"cameraMode":{"drawMode":0,"name":"Shaded","section":"Shading Mode"},"sceneLighting":false,"audioPlay":false,"sceneViewState":{"showFog":true,"showMaterialUpdate":false,"showSkybox":false,"showFlares":true,"showImageEffects":true,"showParticleSystems":true,"showVisualEffectGraphs":true,"m_FxEnabled":true},"in2DMode":false,"pivot":{"x":-1.6368874311447144,"y":0.39209258556365969,"z":-0.13283389806747437},"rotation":{"x":0.057534269988536838,"y":-0.6115008592605591,"z":0.04466506466269493,"w":0.7879087924957275},"size":0.07966693490743637,"orthographic":false}