{"cameraMode":{"drawMode":0,"name":"Shaded","section":"Shading Mode"},"sceneLighting":false,"audioPlay":false,"sceneViewState":{"showFog":true,"showMaterialUpdate":false,"showSkybox":false,"showFlares":true,"showImageEffects":true,"showParticleSystems":true,"showVisualEffectGraphs":true,"m_FxEnabled":true},"in2DMode":false,"pivot":{"x":-1.6292681694030762,"y":0.3679358661174774,"z":-0.12971457839012147},"rotation":{"x":-0.01452965009957552,"y":-0.7746857404708862,"z":0.018341807648539544,"w":-0.6320503354072571},"size":0.07966697216033936,"orthographic":false}