{"cameraMode":{"drawMode":0,"name":"Shaded","section":"Shading Mode"},"sceneLighting":false,"audioPlay":false,"sceneViewState":{"showFog":true,"showMaterialUpdate":false,"showSkybox":false,"showFlares":true,"showImageEffects":true,"showParticleSystems":true,"showVisualEffectGraphs":true,"m_FxEnabled":true},"in2DMode":false,"pivot":{"x":0.10987384617328644,"y":0.07480116933584213,"z":-0.46613043546676638},"rotation":{"x":-0.0007684045704081655,"y":-0.9963152408599854,"z":0.008967148140072823,"w":-0.08538149297237396},"size":0.4051143527030945,"orthographic":false}