{"cameraMode":{"drawMode":0,"name":"Shaded","section":"Shading Mode"},"sceneLighting":false,"audioPlay":false,"sceneViewState":{"showFog":true,"showMaterialUpdate":false,"showSkybox":false,"showFlares":true,"showImageEffects":true,"showParticleSystems":true,"showVisualEffectGraphs":true,"m_FxEnabled":true},"in2DMode":false,"pivot":{"x":0.3052453398704529,"y":0.4390578866004944,"z":-0.4194808602333069},"rotation":{"x":0.02003234438598156,"y":-0.7941481471061707,"z":-0.026216823607683183,"w":-0.6068394780158997},"size":0.7051143646240234,"orthographic":false}