{"cameraMode":{"drawMode":0,"name":"Shaded","section":"Shading Mode"},"sceneLighting":false,"audioPlay":false,"sceneViewState":{"showFog":true,"showMaterialUpdate":false,"showSkybox":false,"showFlares":true,"showImageEffects":true,"showParticleSystems":true,"showVisualEffectGraphs":true,"m_FxEnabled":true},"in2DMode":false,"pivot":{"x":0.02572750672698021,"y":0.09161818027496338,"z":0.3227178752422333},"rotation":{"x":0.591464102268219,"y":0.014996944926679135,"z":-0.01100356224924326,"w":0.8061172366142273},"size":0.6458078622817993,"orthographic":false}