{"cameraMode":{"drawMode":0,"name":"Shaded","section":"Shading Mode"},"sceneLighting":false,"audioPlay":false,"sceneViewState":{"showFog":true,"showMaterialUpdate":false,"showSkybox":false,"showFlares":true,"showImageEffects":true,"showParticleSystems":true,"showVisualEffectGraphs":true,"m_FxEnabled":true},"in2DMode":false,"pivot":{"x":-1.2174290418624879,"y":0.06861981749534607,"z":0.21235030889511109},"rotation":{"x":-0.009731062687933445,"y":-0.63532954454422,"z":-0.008007272146642208,"w":0.7721394300460815},"size":0.8660277724266052,"orthographic":false}