{"cameraMode":{"drawMode":0,"name":"Shaded","section":"Shading Mode"},"sceneLighting":false,"audioPlay":false,"sceneViewState":{"showFog":true,"showMaterialUpdate":false,"showSkybox":false,"showFlares":true,"showImageEffects":true,"showParticleSystems":true,"showVisualEffectGraphs":true,"m_FxEnabled":true},"in2DMode":false,"pivot":{"x":0.47757667303085329,"y":0.33829885721206667,"z":0.479364275932312},"rotation":{"x":0.0009790539043024183,"y":-0.9452582001686096,"z":0.0028357289265841247,"w":0.32630905508995058},"size":0.16110855340957642,"orthographic":false}